AsReportedBy,Method,TrainValSets,TestSet,Output,Metric,Value
Ours,GraphQA,CASP 7+8+9+10,CASP 10,Global GDT_TS,First Rank Loss,0.032799031983301474
Ours,GraphQA,CASP 7+8+9+10,CASP 10,Global GDT_TS,R,0.98517392509974
Ours,GraphQA,CASP 7+8+9+10,CASP 10,Global GDT_TS,R per target,0.9175546067627754
Ours,GraphQA,CASP 7+8+9+10,CASP 10,Global GDT_TS,RMSE,0.047409869730472565
Ours,GraphQA,CASP 7+8+9+10,CASP 10,Global GDT_TS,ρ,0.9839992359860376
Ours,GraphQA,CASP 7+8+9+10,CASP 10,Global GDT_TS,ρ per target,0.808951338079283
Ours,GraphQA,CASP 7+8+9+10,CASP 10,Global GDT_TS,τ,0.8930066273242379
Ours,GraphQA,CASP 7+8+9+10,CASP 10,Global GDT_TS,τ per target,0.6447147146007814
Ours,GraphQA,CASP 7+8+9+10,CASP 10,Global LDDT,First Rank Loss,0.02528349360794697
Ours,GraphQA,CASP 7+8+9+10,CASP 10,Global LDDT,R,0.9733480028158432
Ours,GraphQA,CASP 7+8+9+10,CASP 10,Global LDDT,R per target,0.9346970528622552
Ours,GraphQA,CASP 7+8+9+10,CASP 10,Global LDDT,RMSE,0.04920952394604683
Ours,GraphQA,CASP 7+8+9+10,CASP 10,Global LDDT,ρ,0.9745146387316385
Ours,GraphQA,CASP 7+8+9+10,CASP 10,Global LDDT,ρ per target,0.877548803327869
Ours,GraphQA,CASP 7+8+9+10,CASP 10,Global LDDT,τ,0.8716404123605048
Ours,GraphQA,CASP 7+8+9+10,CASP 10,Global LDDT,τ per target,0.7224312450222983
Ours,GraphQA,CASP 7+8+9+10,CASP 10,Local LDDT,R,0.9265808241086246
Ours,GraphQA,CASP 7+8+9+10,CASP 10,Local LDDT,R per model,0.755445697131535
Ours,GraphQA,CASP 7+8+9+10,CASP 10,Local LDDT,RMSE,0.08805713823247925
Ours,GraphQA,CASP 7+8+9+10,CASP 10 stage 1,Global GDT_TS,First Rank Loss,0.02007572844769191
Ours,GraphQA,CASP 7+8+9+10,CASP 10 stage 1,Global GDT_TS,R,0.9830776293635537
Ours,GraphQA,CASP 7+8+9+10,CASP 10 stage 1,Global GDT_TS,R per target,0.8470187901166982
Ours,GraphQA,CASP 7+8+9+10,CASP 10 stage 1,Global GDT_TS,RMSE,0.049540869891643524
Ours,GraphQA,CASP 7+8+9+10,CASP 10 stage 1,Global GDT_TS,ρ,0.9832210225392783
Ours,GraphQA,CASP 7+8+9+10,CASP 10 stage 1,Global GDT_TS,ρ per target,0.7729345697084092
Ours,GraphQA,CASP 7+8+9+10,CASP 10 stage 1,Global GDT_TS,τ,0.8910304828872986
Ours,GraphQA,CASP 7+8+9+10,CASP 10 stage 1,Global GDT_TS,τ per target,0.6216626890931146
Ours,GraphQA,CASP 7+8+9+10,CASP 10 stage 1,Global LDDT,First Rank Loss,0.013191263363199326
Ours,GraphQA,CASP 7+8+9+10,CASP 10 stage 1,Global LDDT,R,0.9771424886399771
Ours,GraphQA,CASP 7+8+9+10,CASP 10 stage 1,Global LDDT,R per target,0.9031302339596984
Ours,GraphQA,CASP 7+8+9+10,CASP 10 stage 1,Global LDDT,RMSE,0.04385015368461609
Ours,GraphQA,CASP 7+8+9+10,CASP 10 stage 1,Global LDDT,ρ,0.979080395347271
Ours,GraphQA,CASP 7+8+9+10,CASP 10 stage 1,Global LDDT,ρ per target,0.8306816223074838
Ours,GraphQA,CASP 7+8+9+10,CASP 10 stage 1,Global LDDT,τ,0.8759045101853062
Ours,GraphQA,CASP 7+8+9+10,CASP 10 stage 1,Global LDDT,τ per target,0.684229378404084
Ours,GraphQA,CASP 7+8+9+10,CASP 10 stage 1,Local LDDT,R,0.9276933150469926
Ours,GraphQA,CASP 7+8+9+10,CASP 10 stage 1,Local LDDT,R per model,0.7475561944581518
Ours,GraphQA,CASP 7+8+9+10,CASP 10 stage 1,Local LDDT,RMSE,0.0871068129166973
Ours,GraphQA,CASP 7+8+9+10,CASP 10 stage 2,Global GDT_TS,First Rank Loss,0.030399033166829823
Ours,GraphQA,CASP 7+8+9+10,CASP 10 stage 2,Global GDT_TS,R,0.987049102763348
Ours,GraphQA,CASP 7+8+9+10,CASP 10 stage 2,Global GDT_TS,R per target,0.6462391092439337
Ours,GraphQA,CASP 7+8+9+10,CASP 10 stage 2,Global GDT_TS,RMSE,0.04327625781297684
Ours,GraphQA,CASP 7+8+9+10,CASP 10 stage 2,Global GDT_TS,ρ,0.9834571047242602
Ours,GraphQA,CASP 7+8+9+10,CASP 10 stage 2,Global GDT_TS,ρ per target,0.6048554985684488
Ours,GraphQA,CASP 7+8+9+10,CASP 10 stage 2,Global GDT_TS,τ,0.8939245617559447
Ours,GraphQA,CASP 7+8+9+10,CASP 10 stage 2,Global GDT_TS,τ per target,0.44785088945381213
Ours,GraphQA,CASP 7+8+9+10,CASP 10 stage 2,Global LDDT,First Rank Loss,0.02449514405819976
Ours,GraphQA,CASP 7+8+9+10,CASP 10 stage 2,Global LDDT,R,0.9705093634812235
Ours,GraphQA,CASP 7+8+9+10,CASP 10 stage 2,Global LDDT,R per target,0.7375697684017336
Ours,GraphQA,CASP 7+8+9+10,CASP 10 stage 2,Global LDDT,RMSE,0.04721074178814888
Ours,GraphQA,CASP 7+8+9+10,CASP 10 stage 2,Global LDDT,ρ,0.9688672941163029
Ours,GraphQA,CASP 7+8+9+10,CASP 10 stage 2,Global LDDT,ρ per target,0.738881211633596
Ours,GraphQA,CASP 7+8+9+10,CASP 10 stage 2,Global LDDT,τ,0.859418205143014
Ours,GraphQA,CASP 7+8+9+10,CASP 10 stage 2,Global LDDT,τ per target,0.5674647718061865
Ours,GraphQA,CASP 7+8+9+10,CASP 10 stage 2,Local LDDT,R,0.922898506310325
Ours,GraphQA,CASP 7+8+9+10,CASP 10 stage 2,Local LDDT,R per model,0.7813714318812114
Ours,GraphQA,CASP 7+8+9+10,CASP 10 stage 2,Local LDDT,RMSE,0.0880638585938553
Ours,GraphQA,CASP 7+8+9+10,CASP 11,Global GDT_TS,First Rank Loss,0.07111999918432797
Ours,GraphQA,CASP 7+8+9+10,CASP 11,Global GDT_TS,R,0.9103892189929854
Ours,GraphQA,CASP 7+8+9+10,CASP 11,Global GDT_TS,R per target,0.7403623452779416
Ours,GraphQA,CASP 7+8+9+10,CASP 11,Global GDT_TS,RMSE,0.11714078485965729
Ours,GraphQA,CASP 7+8+9+10,CASP 11,Global GDT_TS,ρ,0.918274414806615
Ours,GraphQA,CASP 7+8+9+10,CASP 11,Global GDT_TS,ρ per target,0.6223434036185826
Ours,GraphQA,CASP 7+8+9+10,CASP 11,Global GDT_TS,τ,0.7471657727256306
Ours,GraphQA,CASP 7+8+9+10,CASP 11,Global GDT_TS,τ per target,0.4607426235083817
Ours,GraphQA,CASP 7+8+9+10,CASP 11,Global LDDT,First Rank Loss,0.04825411561657401
Ours,GraphQA,CASP 7+8+9+10,CASP 11,Global LDDT,R,0.9282658377216851
Ours,GraphQA,CASP 7+8+9+10,CASP 11,Global LDDT,R per target,0.8401421057837263
Ours,GraphQA,CASP 7+8+9+10,CASP 11,Global LDDT,RMSE,0.07811436057090759
Ours,GraphQA,CASP 7+8+9+10,CASP 11,Global LDDT,ρ,0.9292690696759749
Ours,GraphQA,CASP 7+8+9+10,CASP 11,Global LDDT,ρ per target,0.7415115601773449
Ours,GraphQA,CASP 7+8+9+10,CASP 11,Global LDDT,τ,0.7677156102496493
Ours,GraphQA,CASP 7+8+9+10,CASP 11,Global LDDT,τ per target,0.5714969111398662
Ours,GraphQA,CASP 7+8+9+10,CASP 11,Local LDDT,R,0.851510159243939
Ours,GraphQA,CASP 7+8+9+10,CASP 11,Local LDDT,R per model,0.6019513672747463
Ours,GraphQA,CASP 7+8+9+10,CASP 11,Local LDDT,RMSE,0.12229453730330356
Ours,GraphQA,CASP 7+8+9+10,CASP 11 stage 1,Global GDT_TS,First Rank Loss,0.03547142765351704
Ours,GraphQA,CASP 7+8+9+10,CASP 11 stage 1,Global GDT_TS,R,0.9229631756505171
Ours,GraphQA,CASP 7+8+9+10,CASP 11 stage 1,Global GDT_TS,R per target,0.7875836774400066
Ours,GraphQA,CASP 7+8+9+10,CASP 11 stage 1,Global GDT_TS,RMSE,0.08962836116552353
Ours,GraphQA,CASP 7+8+9+10,CASP 11 stage 1,Global GDT_TS,ρ,0.9243334582244053
Ours,GraphQA,CASP 7+8+9+10,CASP 11 stage 1,Global GDT_TS,ρ per target,0.6474904095853596
Ours,GraphQA,CASP 7+8+9+10,CASP 11 stage 1,Global GDT_TS,τ,0.7553731914985529
Ours,GraphQA,CASP 7+8+9+10,CASP 11 stage 1,Global GDT_TS,τ per target,0.5149874367916347
Ours,GraphQA,CASP 7+8+9+10,CASP 11 stage 1,Global LDDT,First Rank Loss,0.021928570455028898
Ours,GraphQA,CASP 7+8+9+10,CASP 11 stage 1,Global LDDT,R,0.9351661100607784
Ours,GraphQA,CASP 7+8+9+10,CASP 11 stage 1,Global LDDT,R per target,0.8748178260557414
Ours,GraphQA,CASP 7+8+9+10,CASP 11 stage 1,Global LDDT,RMSE,0.06260859221220016
Ours,GraphQA,CASP 7+8+9+10,CASP 11 stage 1,Global LDDT,ρ,0.9236303530062874
Ours,GraphQA,CASP 7+8+9+10,CASP 11 stage 1,Global LDDT,ρ per target,0.7823850725905699
Ours,GraphQA,CASP 7+8+9+10,CASP 11 stage 1,Global LDDT,τ,0.7584175717857924
Ours,GraphQA,CASP 7+8+9+10,CASP 11 stage 1,Global LDDT,τ per target,0.6334058858332079
Ours,GraphQA,CASP 7+8+9+10,CASP 11 stage 1,Local LDDT,R,0.8609931790178118
Ours,GraphQA,CASP 7+8+9+10,CASP 11 stage 1,Local LDDT,R per model,0.5697622286226046
Ours,GraphQA,CASP 7+8+9+10,CASP 11 stage 1,Local LDDT,RMSE,0.1082494803080211
Ours,GraphQA,CASP 7+8+9+10,CASP 11 stage 2,Global GDT_TS,First Rank Loss,0.06261807285159467
Ours,GraphQA,CASP 7+8+9+10,CASP 11 stage 2,Global GDT_TS,R,0.8993681837315944
Ours,GraphQA,CASP 7+8+9+10,CASP 11 stage 2,Global GDT_TS,R per target,0.5390741632995463
Ours,GraphQA,CASP 7+8+9+10,CASP 11 stage 2,Global GDT_TS,RMSE,0.12250416725873947
Ours,GraphQA,CASP 7+8+9+10,CASP 11 stage 2,Global GDT_TS,ρ,0.9045474046471009
Ours,GraphQA,CASP 7+8+9+10,CASP 11 stage 2,Global GDT_TS,ρ per target,0.5073533859068593
Ours,GraphQA,CASP 7+8+9+10,CASP 11 stage 2,Global GDT_TS,τ,0.7289799898563452
Ours,GraphQA,CASP 7+8+9+10,CASP 11 stage 2,Global GDT_TS,τ per target,0.3631705098092768
Ours,GraphQA,CASP 7+8+9+10,CASP 11 stage 2,Global LDDT,First Rank Loss,0.04322409396430096
Ours,GraphQA,CASP 7+8+9+10,CASP 11 stage 2,Global LDDT,R,0.9155627611247635
Ours,GraphQA,CASP 7+8+9+10,CASP 11 stage 2,Global LDDT,R per target,0.6688828354845837
Ours,GraphQA,CASP 7+8+9+10,CASP 11 stage 2,Global LDDT,RMSE,0.08110727369785309
Ours,GraphQA,CASP 7+8+9+10,CASP 11 stage 2,Global LDDT,ρ,0.9181439277879097
Ours,GraphQA,CASP 7+8+9+10,CASP 11 stage 2,Global LDDT,ρ per target,0.6502633458764816
Ours,GraphQA,CASP 7+8+9+10,CASP 11 stage 2,Global LDDT,τ,0.748714788261683
Ours,GraphQA,CASP 7+8+9+10,CASP 11 stage 2,Global LDDT,τ per target,0.48267754107709254
Ours,GraphQA,CASP 7+8+9+10,CASP 11 stage 2,Local LDDT,R,0.8392718907087441
Ours,GraphQA,CASP 7+8+9+10,CASP 11 stage 2,Local LDDT,R per model,0.6104471604285703
Ours,GraphQA,CASP 7+8+9+10,CASP 11 stage 2,Local LDDT,RMSE,0.12573746717640294
Ours,GraphQA,CASP 7+8+9+10,CASP 12,Global GDT_TS,First Rank Loss,0.08940499564632773
Ours,GraphQA,CASP 7+8+9+10,CASP 12,Global GDT_TS,R,0.8426479134576736
Ours,GraphQA,CASP 7+8+9+10,CASP 12,Global GDT_TS,R per target,0.7448825244759839
Ours,GraphQA,CASP 7+8+9+10,CASP 12,Global GDT_TS,RMSE,0.13668228685855865
Ours,GraphQA,CASP 7+8+9+10,CASP 12,Global GDT_TS,ρ,0.8342920239221038
Ours,GraphQA,CASP 7+8+9+10,CASP 12,Global GDT_TS,ρ per target,0.6600084845368943
Ours,GraphQA,CASP 7+8+9+10,CASP 12,Global GDT_TS,τ,0.6835225350693348
Ours,GraphQA,CASP 7+8+9+10,CASP 12,Global GDT_TS,τ per target,0.5033061436537618
Ours,GraphQA,CASP 7+8+9+10,CASP 12,Global LDDT,First Rank Loss,0.05582500137388706
Ours,GraphQA,CASP 7+8+9+10,CASP 12,Global LDDT,R,0.8969078075456751
Ours,GraphQA,CASP 7+8+9+10,CASP 12,Global LDDT,R per target,0.8500771111632368
Ours,GraphQA,CASP 7+8+9+10,CASP 12,Global LDDT,RMSE,0.08738245815038681
Ours,GraphQA,CASP 7+8+9+10,CASP 12,Global LDDT,ρ,0.885100764166048
Ours,GraphQA,CASP 7+8+9+10,CASP 12,Global LDDT,ρ per target,0.775582846708373
Ours,GraphQA,CASP 7+8+9+10,CASP 12,Global LDDT,τ,0.7400284457938373
Ours,GraphQA,CASP 7+8+9+10,CASP 12,Global LDDT,τ per target,0.6113404792747436
Ours,GraphQA,CASP 7+8+9+10,CASP 12,Local LDDT,R,0.8425089282137102
Ours,GraphQA,CASP 7+8+9+10,CASP 12,Local LDDT,R per model,0.5645115288837457
Ours,GraphQA,CASP 7+8+9+10,CASP 12,Local LDDT,RMSE,0.12388057027787246
Ours,GraphQA,CASP 7+8+9+10,CASP 12 stage 1,Global GDT_TS,First Rank Loss,0.04277499811723828
Ours,GraphQA,CASP 7+8+9+10,CASP 12 stage 1,Global GDT_TS,R,0.8135356093563997
Ours,GraphQA,CASP 7+8+9+10,CASP 12 stage 1,Global GDT_TS,R per target,0.7886428728454968
Ours,GraphQA,CASP 7+8+9+10,CASP 12 stage 1,Global GDT_TS,RMSE,0.08546333760023117
Ours,GraphQA,CASP 7+8+9+10,CASP 12 stage 1,Global GDT_TS,ρ,0.7546898306937189
Ours,GraphQA,CASP 7+8+9+10,CASP 12 stage 1,Global GDT_TS,ρ per target,0.6842915817603104
Ours,GraphQA,CASP 7+8+9+10,CASP 12 stage 1,Global GDT_TS,τ,0.588895928592519
Ours,GraphQA,CASP 7+8+9+10,CASP 12 stage 1,Global GDT_TS,τ per target,0.5408039187866441
Ours,GraphQA,CASP 7+8+9+10,CASP 12 stage 1,Global LDDT,First Rank Loss,0.02284500077366829
Ours,GraphQA,CASP 7+8+9+10,CASP 12 stage 1,Global LDDT,R,0.8697210992219018
Ours,GraphQA,CASP 7+8+9+10,CASP 12 stage 1,Global LDDT,R per target,0.8436028523682527
Ours,GraphQA,CASP 7+8+9+10,CASP 12 stage 1,Global LDDT,RMSE,0.059423912316560745
Ours,GraphQA,CASP 7+8+9+10,CASP 12 stage 1,Global LDDT,ρ,0.8066419311403773
Ours,GraphQA,CASP 7+8+9+10,CASP 12 stage 1,Global LDDT,ρ per target,0.7564197403430326
Ours,GraphQA,CASP 7+8+9+10,CASP 12 stage 1,Global LDDT,τ,0.624948569580355
Ours,GraphQA,CASP 7+8+9+10,CASP 12 stage 1,Global LDDT,τ per target,0.614108670238698
Ours,GraphQA,CASP 7+8+9+10,CASP 12 stage 1,Local LDDT,R,0.7184768539994848
Ours,GraphQA,CASP 7+8+9+10,CASP 12 stage 1,Local LDDT,R per model,0.4743731731171696
Ours,GraphQA,CASP 7+8+9+10,CASP 12 stage 1,Local LDDT,RMSE,0.10482321349564228
Ours,GraphQA,CASP 7+8+9+10,CASP 12 stage 2,Global GDT_TS,First Rank Loss,0.08034749580547214
Ours,GraphQA,CASP 7+8+9+10,CASP 12 stage 2,Global GDT_TS,R,0.8319233822607933
Ours,GraphQA,CASP 7+8+9+10,CASP 12 stage 2,Global GDT_TS,R per target,0.7071539266365042
Ours,GraphQA,CASP 7+8+9+10,CASP 12 stage 2,Global GDT_TS,RMSE,0.1413983255624771
Ours,GraphQA,CASP 7+8+9+10,CASP 12 stage 2,Global GDT_TS,ρ,0.8283013744925727
Ours,GraphQA,CASP 7+8+9+10,CASP 12 stage 2,Global GDT_TS,ρ per target,0.6099838676206996
Ours,GraphQA,CASP 7+8+9+10,CASP 12 stage 2,Global GDT_TS,τ,0.6788971705102798
Ours,GraphQA,CASP 7+8+9+10,CASP 12 stage 2,Global GDT_TS,τ per target,0.45585500912118765
Ours,GraphQA,CASP 7+8+9+10,CASP 12 stage 2,Global LDDT,First Rank Loss,0.05298000164330006
Ours,GraphQA,CASP 7+8+9+10,CASP 12 stage 2,Global LDDT,R,0.8905802872171977
Ours,GraphQA,CASP 7+8+9+10,CASP 12 stage 2,Global LDDT,R per target,0.8195948473316494
Ours,GraphQA,CASP 7+8+9+10,CASP 12 stage 2,Global LDDT,RMSE,0.08848484605550766
Ours,GraphQA,CASP 7+8+9+10,CASP 12 stage 2,Global LDDT,ρ,0.8774701341248791
Ours,GraphQA,CASP 7+8+9+10,CASP 12 stage 2,Global LDDT,ρ per target,0.7362960337359434
Ours,GraphQA,CASP 7+8+9+10,CASP 12 stage 2,Global LDDT,τ,0.7339812958514048
Ours,GraphQA,CASP 7+8+9+10,CASP 12 stage 2,Global LDDT,τ per target,0.5689813641229355
Ours,GraphQA,CASP 7+8+9+10,CASP 12 stage 2,Local LDDT,R,0.8417722818196814
Ours,GraphQA,CASP 7+8+9+10,CASP 12 stage 2,Local LDDT,R per model,0.5725471494626482
Ours,GraphQA,CASP 7+8+9+10,CASP 12 stage 2,Local LDDT,RMSE,0.12450311346637657
Ours,GraphQA,CASP 7+8+9+10,CASP 5,Global GDT_TS,First Rank Loss,0.04193777673774295
Ours,GraphQA,CASP 7+8+9+10,CASP 5,Global GDT_TS,R,0.9340184908334878
Ours,GraphQA,CASP 7+8+9+10,CASP 5,Global GDT_TS,R per target,0.8934333502976414
Ours,GraphQA,CASP 7+8+9+10,CASP 5,Global GDT_TS,RMSE,0.08066781610250473
Ours,GraphQA,CASP 7+8+9+10,CASP 5,Global GDT_TS,ρ,0.9283984130853562
Ours,GraphQA,CASP 7+8+9+10,CASP 5,Global GDT_TS,ρ per target,0.8665309772029218
Ours,GraphQA,CASP 7+8+9+10,CASP 5,Global GDT_TS,τ,0.7704037915083698
Ours,GraphQA,CASP 7+8+9+10,CASP 5,Global GDT_TS,τ per target,0.7039653195636691
Ours,GraphQA,CASP 7+8+9+10,CASP 5,Global LDDT,First Rank Loss,0.08913914163907369
Ours,GraphQA,CASP 7+8+9+10,CASP 5,Global LDDT,R,0.7017405529893052
Ours,GraphQA,CASP 7+8+9+10,CASP 5,Global LDDT,R per target,0.6521099903179588
Ours,GraphQA,CASP 7+8+9+10,CASP 5,Global LDDT,RMSE,0.16830657422542572
Ours,GraphQA,CASP 7+8+9+10,CASP 5,Global LDDT,ρ,0.6939537508058786
Ours,GraphQA,CASP 7+8+9+10,CASP 5,Global LDDT,ρ per target,0.7192257536418883
Ours,GraphQA,CASP 7+8+9+10,CASP 5,Global LDDT,τ,0.5481302890205899
Ours,GraphQA,CASP 7+8+9+10,CASP 5,Global LDDT,τ per target,0.5738911231191542
Ours,GraphQA,CASP 7+8+9+10,CASP 5,Local LDDT,R,0.5993822775787513
Ours,GraphQA,CASP 7+8+9+10,CASP 5,Local LDDT,R per model,0.5898663961676902
Ours,GraphQA,CASP 7+8+9+10,CASP 5,Local LDDT,RMSE,0.21675664623045468
Ours,GraphQA,CASP 7+8+9+10,CASP 6,Global GDT_TS,First Rank Loss,0.0664406773018635
Ours,GraphQA,CASP 7+8+9+10,CASP 6,Global GDT_TS,R,0.9067210149105349
Ours,GraphQA,CASP 7+8+9+10,CASP 6,Global GDT_TS,R per target,0.7955652909154083
Ours,GraphQA,CASP 7+8+9+10,CASP 6,Global GDT_TS,RMSE,0.0978851318359375
Ours,GraphQA,CASP 7+8+9+10,CASP 6,Global GDT_TS,ρ,0.8824758172169797
Ours,GraphQA,CASP 7+8+9+10,CASP 6,Global GDT_TS,ρ per target,0.7599122060499238
Ours,GraphQA,CASP 7+8+9+10,CASP 6,Global GDT_TS,τ,0.7146906750349944
Ours,GraphQA,CASP 7+8+9+10,CASP 6,Global GDT_TS,τ per target,0.5970675262733932
Ours,GraphQA,CASP 7+8+9+10,CASP 6,Global LDDT,First Rank Loss,0.048179660813283114
Ours,GraphQA,CASP 7+8+9+10,CASP 6,Global LDDT,R,0.8446171393215725
Ours,GraphQA,CASP 7+8+9+10,CASP 6,Global LDDT,R per target,0.7630368489927305
Ours,GraphQA,CASP 7+8+9+10,CASP 6,Global LDDT,RMSE,0.1047954261302948
Ours,GraphQA,CASP 7+8+9+10,CASP 6,Global LDDT,ρ,0.811079064641401
Ours,GraphQA,CASP 7+8+9+10,CASP 6,Global LDDT,ρ per target,0.7786743769249652
Ours,GraphQA,CASP 7+8+9+10,CASP 6,Global LDDT,τ,0.6444097159752938
Ours,GraphQA,CASP 7+8+9+10,CASP 6,Global LDDT,τ per target,0.610010535444745
Ours,GraphQA,CASP 7+8+9+10,CASP 6,Local LDDT,R,0.7755439552120483
Ours,GraphQA,CASP 7+8+9+10,CASP 6,Local LDDT,R per model,0.5741089959416302
Ours,GraphQA,CASP 7+8+9+10,CASP 6,Local LDDT,RMSE,0.14182320863161896
Ours,GraphQA,CASP 7+8+9+10,CASP 7,Global GDT_TS,First Rank Loss,0.03830316082427376
Ours,GraphQA,CASP 7+8+9+10,CASP 7,Global GDT_TS,R,0.9823248675547842
Ours,GraphQA,CASP 7+8+9+10,CASP 7,Global GDT_TS,R per target,0.9072590534065794
Ours,GraphQA,CASP 7+8+9+10,CASP 7,Global GDT_TS,RMSE,0.04670700430870056
Ours,GraphQA,CASP 7+8+9+10,CASP 7,Global GDT_TS,ρ,0.9837083051416663
Ours,GraphQA,CASP 7+8+9+10,CASP 7,Global GDT_TS,ρ per target,0.8283186435957991
Ours,GraphQA,CASP 7+8+9+10,CASP 7,Global GDT_TS,τ,0.8892644589095196
Ours,GraphQA,CASP 7+8+9+10,CASP 7,Global GDT_TS,τ per target,0.6661628653921293
Ours,GraphQA,CASP 7+8+9+10,CASP 7,Global LDDT,First Rank Loss,0.02065263170945017
Ours,GraphQA,CASP 7+8+9+10,CASP 7,Global LDDT,R,0.9443500119629511
Ours,GraphQA,CASP 7+8+9+10,CASP 7,Global LDDT,R per target,0.8861891626172789
Ours,GraphQA,CASP 7+8+9+10,CASP 7,Global LDDT,RMSE,0.07283453643321991
Ours,GraphQA,CASP 7+8+9+10,CASP 7,Global LDDT,ρ,0.9461802316697588
Ours,GraphQA,CASP 7+8+9+10,CASP 7,Global LDDT,ρ per target,0.8892151339294577
Ours,GraphQA,CASP 7+8+9+10,CASP 7,Global LDDT,τ,0.8358186980900091
Ours,GraphQA,CASP 7+8+9+10,CASP 7,Global LDDT,τ per target,0.73676968379172
Ours,GraphQA,CASP 7+8+9+10,CASP 7,Local LDDT,R,0.9109927666588615
Ours,GraphQA,CASP 7+8+9+10,CASP 7,Local LDDT,R per model,0.7223301413703307
Ours,GraphQA,CASP 7+8+9+10,CASP 7,Local LDDT,RMSE,0.10187624398554224
Ours,GraphQA,CASP 7+8+9+10,CASP 8,Global GDT_TS,First Rank Loss,0.0390885232901964
Ours,GraphQA,CASP 7+8+9+10,CASP 8,Global GDT_TS,R,0.9830199667871171
Ours,GraphQA,CASP 7+8+9+10,CASP 8,Global GDT_TS,R per target,0.9506607849604299
Ours,GraphQA,CASP 7+8+9+10,CASP 8,Global GDT_TS,RMSE,0.045863207429647446
Ours,GraphQA,CASP 7+8+9+10,CASP 8,Global GDT_TS,ρ,0.9819027500063446
Ours,GraphQA,CASP 7+8+9+10,CASP 8,Global GDT_TS,ρ per target,0.8447214362095291
Ours,GraphQA,CASP 7+8+9+10,CASP 8,Global GDT_TS,τ,0.8887083641682144
Ours,GraphQA,CASP 7+8+9+10,CASP 8,Global GDT_TS,τ per target,0.6876865384222571
Ours,GraphQA,CASP 7+8+9+10,CASP 8,Global LDDT,First Rank Loss,0.026137705586972784
Ours,GraphQA,CASP 7+8+9+10,CASP 8,Global LDDT,R,0.9526063229611055
Ours,GraphQA,CASP 7+8+9+10,CASP 8,Global LDDT,R per target,0.8961971482615905
Ours,GraphQA,CASP 7+8+9+10,CASP 8,Global LDDT,RMSE,0.06558827310800552
Ours,GraphQA,CASP 7+8+9+10,CASP 8,Global LDDT,ρ,0.9560836788336021
Ours,GraphQA,CASP 7+8+9+10,CASP 8,Global LDDT,ρ per target,0.8665833804571403
Ours,GraphQA,CASP 7+8+9+10,CASP 8,Global LDDT,τ,0.8438072491396683
Ours,GraphQA,CASP 7+8+9+10,CASP 8,Global LDDT,τ per target,0.7165792057642848
Ours,GraphQA,CASP 7+8+9+10,CASP 8,Local LDDT,R,0.9175266784618092
Ours,GraphQA,CASP 7+8+9+10,CASP 8,Local LDDT,R per model,0.7518090673644056
Ours,GraphQA,CASP 7+8+9+10,CASP 8,Local LDDT,RMSE,0.09650958391536792
Ours,GraphQA,CASP 7+8+9+10,CASP 9,Global GDT_TS,First Rank Loss,0.041551284046254605
Ours,GraphQA,CASP 7+8+9+10,CASP 9,Global GDT_TS,R,0.977131291617819
Ours,GraphQA,CASP 7+8+9+10,CASP 9,Global GDT_TS,R per target,0.9388944426924041
Ours,GraphQA,CASP 7+8+9+10,CASP 9,Global GDT_TS,RMSE,0.05104639381170273
Ours,GraphQA,CASP 7+8+9+10,CASP 9,Global GDT_TS,ρ,0.976353932634412
Ours,GraphQA,CASP 7+8+9+10,CASP 9,Global GDT_TS,ρ per target,0.8462299253017354
Ours,GraphQA,CASP 7+8+9+10,CASP 9,Global GDT_TS,τ,0.8797381721938001
Ours,GraphQA,CASP 7+8+9+10,CASP 9,Global GDT_TS,τ per target,0.683110817202136
Ours,GraphQA,CASP 7+8+9+10,CASP 9,Global LDDT,First Rank Loss,0.027470943892103993
Ours,GraphQA,CASP 7+8+9+10,CASP 9,Global LDDT,R,0.9610859081996657
Ours,GraphQA,CASP 7+8+9+10,CASP 9,Global LDDT,R per target,0.9113551324100311
Ours,GraphQA,CASP 7+8+9+10,CASP 9,Global LDDT,RMSE,0.053607381880283356
Ours,GraphQA,CASP 7+8+9+10,CASP 9,Global LDDT,ρ,0.96756260447004
Ours,GraphQA,CASP 7+8+9+10,CASP 9,Global LDDT,ρ per target,0.8921348996461949
Ours,GraphQA,CASP 7+8+9+10,CASP 9,Global LDDT,τ,0.8636482163747258
Ours,GraphQA,CASP 7+8+9+10,CASP 9,Global LDDT,τ per target,0.7383487308808478
Ours,GraphQA,CASP 7+8+9+10,CASP 9,Local LDDT,R,0.9220121848680979
Ours,GraphQA,CASP 7+8+9+10,CASP 9,Local LDDT,R per model,0.74697764182002
Ours,GraphQA,CASP 7+8+9+10,CASP 9,Local LDDT,RMSE,0.08985462335727157
Ours,GraphQA-RAW,CASP 7+8+9+10,CASP 10,Global GDT_TS,First Rank Loss,0.05835825320586417
Ours,GraphQA-RAW,CASP 7+8+9+10,CASP 10,Global GDT_TS,R,0.9514824212300443
Ours,GraphQA-RAW,CASP 7+8+9+10,CASP 10,Global GDT_TS,R per target,0.8053372699031304
Ours,GraphQA-RAW,CASP 7+8+9+10,CASP 10,Global GDT_TS,RMSE,0.08136210590600967
Ours,GraphQA-RAW,CASP 7+8+9+10,CASP 10,Global GDT_TS,ρ,0.9492705849560952
Ours,GraphQA-RAW,CASP 7+8+9+10,CASP 10,Global GDT_TS,ρ per target,0.6859831051230388
Ours,GraphQA-RAW,CASP 7+8+9+10,CASP 10,Global GDT_TS,τ,0.8129239455578947
Ours,GraphQA-RAW,CASP 7+8+9+10,CASP 10,Global GDT_TS,τ per target,0.5213740280251642
Ours,GraphQA-RAW,CASP 7+8+9+10,CASP 10,Global LDDT,First Rank Loss,0.045170871812163046
Ours,GraphQA-RAW,CASP 7+8+9+10,CASP 10,Global LDDT,R,0.9476785524763425
Ours,GraphQA-RAW,CASP 7+8+9+10,CASP 10,Global LDDT,R per target,0.8478130788582866
Ours,GraphQA-RAW,CASP 7+8+9+10,CASP 10,Global LDDT,RMSE,0.06103048846125603
Ours,GraphQA-RAW,CASP 7+8+9+10,CASP 10,Global LDDT,ρ,0.9479344585446225
Ours,GraphQA-RAW,CASP 7+8+9+10,CASP 10,Global LDDT,ρ per target,0.7788940836420861
Ours,GraphQA-RAW,CASP 7+8+9+10,CASP 10,Global LDDT,τ,0.809580864064293
Ours,GraphQA-RAW,CASP 7+8+9+10,CASP 10,Global LDDT,τ per target,0.6045352274366614
Ours,GraphQA-RAW,CASP 7+8+9+10,CASP 10,Local LDDT,R,0.865299927556007
Ours,GraphQA-RAW,CASP 7+8+9+10,CASP 10,Local LDDT,R per model,0.6120863874575738
Ours,GraphQA-RAW,CASP 7+8+9+10,CASP 10,Local LDDT,RMSE,0.11380062203828865
Ours,GraphQA-RAW,CASP 7+8+9+10,CASP 10 stage 1,Global GDT_TS,First Rank Loss,0.04218252393805865
Ours,GraphQA-RAW,CASP 7+8+9+10,CASP 10 stage 1,Global GDT_TS,R,0.9408829412794326
Ours,GraphQA-RAW,CASP 7+8+9+10,CASP 10 stage 1,Global GDT_TS,R per target,0.697330435660056
Ours,GraphQA-RAW,CASP 7+8+9+10,CASP 10 stage 1,Global GDT_TS,RMSE,0.09038572758436203
Ours,GraphQA-RAW,CASP 7+8+9+10,CASP 10 stage 1,Global GDT_TS,ρ,0.9397535303712361
Ours,GraphQA-RAW,CASP 7+8+9+10,CASP 10 stage 1,Global GDT_TS,ρ per target,0.6328214143879213
Ours,GraphQA-RAW,CASP 7+8+9+10,CASP 10 stage 1,Global GDT_TS,τ,0.7958434141875521
Ours,GraphQA-RAW,CASP 7+8+9+10,CASP 10 stage 1,Global GDT_TS,τ per target,0.4873004480539911
Ours,GraphQA-RAW,CASP 7+8+9+10,CASP 10 stage 1,Global LDDT,First Rank Loss,0.026694174096422288
Ours,GraphQA-RAW,CASP 7+8+9+10,CASP 10 stage 1,Global LDDT,R,0.949023153377042
Ours,GraphQA-RAW,CASP 7+8+9+10,CASP 10 stage 1,Global LDDT,R per target,0.7792124971462666
Ours,GraphQA-RAW,CASP 7+8+9+10,CASP 10 stage 1,Global LDDT,RMSE,0.05981907621026039
Ours,GraphQA-RAW,CASP 7+8+9+10,CASP 10 stage 1,Global LDDT,ρ,0.9487388540983382
Ours,GraphQA-RAW,CASP 7+8+9+10,CASP 10 stage 1,Global LDDT,ρ per target,0.719684634267683
Ours,GraphQA-RAW,CASP 7+8+9+10,CASP 10 stage 1,Global LDDT,τ,0.8079268337811443
Ours,GraphQA-RAW,CASP 7+8+9+10,CASP 10 stage 1,Global LDDT,τ per target,0.5671083322618917
Ours,GraphQA-RAW,CASP 7+8+9+10,CASP 10 stage 1,Local LDDT,R,0.8652025616840446
Ours,GraphQA-RAW,CASP 7+8+9+10,CASP 10 stage 1,Local LDDT,R per model,0.6027388958380496
Ours,GraphQA-RAW,CASP 7+8+9+10,CASP 10 stage 1,Local LDDT,RMSE,0.11462614806564837
Ours,GraphQA-RAW,CASP 7+8+9+10,CASP 10 stage 2,Global GDT_TS,First Rank Loss,0.05047184641210778
Ours,GraphQA-RAW,CASP 7+8+9+10,CASP 10 stage 2,Global GDT_TS,R,0.9513979608733183
Ours,GraphQA-RAW,CASP 7+8+9+10,CASP 10 stage 2,Global GDT_TS,R per target,0.47137014983046177
Ours,GraphQA-RAW,CASP 7+8+9+10,CASP 10 stage 2,Global GDT_TS,RMSE,0.07612157613039017
Ours,GraphQA-RAW,CASP 7+8+9+10,CASP 10 stage 2,Global GDT_TS,ρ,0.9484212521510411
Ours,GraphQA-RAW,CASP 7+8+9+10,CASP 10 stage 2,Global GDT_TS,ρ per target,0.44320933031064635
Ours,GraphQA-RAW,CASP 7+8+9+10,CASP 10 stage 2,Global GDT_TS,τ,0.8151186283149947
Ours,GraphQA-RAW,CASP 7+8+9+10,CASP 10 stage 2,Global GDT_TS,τ per target,0.31514591945598763
Ours,GraphQA-RAW,CASP 7+8+9+10,CASP 10 stage 2,Global LDDT,First Rank Loss,0.0369077647484622
Ours,GraphQA-RAW,CASP 7+8+9+10,CASP 10 stage 2,Global LDDT,R,0.9465328422290178
Ours,GraphQA-RAW,CASP 7+8+9+10,CASP 10 stage 2,Global LDDT,R per target,0.5961120602618579
Ours,GraphQA-RAW,CASP 7+8+9+10,CASP 10 stage 2,Global LDDT,RMSE,0.05438989773392677
Ours,GraphQA-RAW,CASP 7+8+9+10,CASP 10 stage 2,Global LDDT,ρ,0.9449442522981372
Ours,GraphQA-RAW,CASP 7+8+9+10,CASP 10 stage 2,Global LDDT,ρ per target,0.5948710968995149
Ours,GraphQA-RAW,CASP 7+8+9+10,CASP 10 stage 2,Global LDDT,τ,0.8069635512504558
Ours,GraphQA-RAW,CASP 7+8+9+10,CASP 10 stage 2,Global LDDT,τ per target,0.43177393303265016
Ours,GraphQA-RAW,CASP 7+8+9+10,CASP 10 stage 2,Local LDDT,R,0.8574569404309127
Ours,GraphQA-RAW,CASP 7+8+9+10,CASP 10 stage 2,Local LDDT,R per model,0.6437801590717003
Ours,GraphQA-RAW,CASP 7+8+9+10,CASP 10 stage 2,Local LDDT,RMSE,0.11360481027827869
Ours,GraphQA-RAW,CASP 7+8+9+10,CASP 11,Global GDT_TS,First Rank Loss,0.08156588524580002
Ours,GraphQA-RAW,CASP 7+8+9+10,CASP 11,Global GDT_TS,R,0.8357323967872403
Ours,GraphQA-RAW,CASP 7+8+9+10,CASP 11,Global GDT_TS,R per target,0.6089004948085945
Ours,GraphQA-RAW,CASP 7+8+9+10,CASP 11,Global GDT_TS,RMSE,0.1463613510131836
Ours,GraphQA-RAW,CASP 7+8+9+10,CASP 11,Global GDT_TS,ρ,0.8369470229634747
Ours,GraphQA-RAW,CASP 7+8+9+10,CASP 11,Global GDT_TS,ρ per target,0.4900546367684988
Ours,GraphQA-RAW,CASP 7+8+9+10,CASP 11,Global GDT_TS,τ,0.6365221255394764
Ours,GraphQA-RAW,CASP 7+8+9+10,CASP 11,Global GDT_TS,τ per target,0.3537186549939628
Ours,GraphQA-RAW,CASP 7+8+9+10,CASP 11,Global LDDT,First Rank Loss,0.06112352539511288
Ours,GraphQA-RAW,CASP 7+8+9+10,CASP 11,Global LDDT,R,0.8632163327713313
Ours,GraphQA-RAW,CASP 7+8+9+10,CASP 11,Global LDDT,R per target,0.7242587961023663
Ours,GraphQA-RAW,CASP 7+8+9+10,CASP 11,Global LDDT,RMSE,0.1025443971157074
Ours,GraphQA-RAW,CASP 7+8+9+10,CASP 11,Global LDDT,ρ,0.866815599473188
Ours,GraphQA-RAW,CASP 7+8+9+10,CASP 11,Global LDDT,ρ per target,0.6163872471250765
Ours,GraphQA-RAW,CASP 7+8+9+10,CASP 11,Global LDDT,τ,0.6746750685261366
Ours,GraphQA-RAW,CASP 7+8+9+10,CASP 11,Global LDDT,τ per target,0.4531635819031611
Ours,GraphQA-RAW,CASP 7+8+9+10,CASP 11,Local LDDT,R,0.7986137098590496
Ours,GraphQA-RAW,CASP 7+8+9+10,CASP 11,Local LDDT,R per model,0.5162540366664785
Ours,GraphQA-RAW,CASP 7+8+9+10,CASP 11,Local LDDT,RMSE,0.14023384793826005
Ours,GraphQA-RAW,CASP 7+8+9+10,CASP 11 stage 1,Global GDT_TS,First Rank Loss,0.09012619095544021
Ours,GraphQA-RAW,CASP 7+8+9+10,CASP 11 stage 1,Global GDT_TS,R,0.8293884336828722
Ours,GraphQA-RAW,CASP 7+8+9+10,CASP 11 stage 1,Global GDT_TS,R per target,0.6295930798782895
Ours,GraphQA-RAW,CASP 7+8+9+10,CASP 11 stage 1,Global GDT_TS,RMSE,0.13484057784080505
Ours,GraphQA-RAW,CASP 7+8+9+10,CASP 11 stage 1,Global GDT_TS,ρ,0.8100122861300899
Ours,GraphQA-RAW,CASP 7+8+9+10,CASP 11 stage 1,Global GDT_TS,ρ per target,0.5144985607110646
Ours,GraphQA-RAW,CASP 7+8+9+10,CASP 11 stage 1,Global GDT_TS,τ,0.6094864300795246
Ours,GraphQA-RAW,CASP 7+8+9+10,CASP 11 stage 1,Global GDT_TS,τ per target,0.3933168843820079
Ours,GraphQA-RAW,CASP 7+8+9+10,CASP 11 stage 1,Global LDDT,First Rank Loss,0.05313809499854133
Ours,GraphQA-RAW,CASP 7+8+9+10,CASP 11 stage 1,Global LDDT,R,0.8645844926091898
Ours,GraphQA-RAW,CASP 7+8+9+10,CASP 11 stage 1,Global LDDT,R per target,0.7362854806415224
Ours,GraphQA-RAW,CASP 7+8+9+10,CASP 11 stage 1,Global LDDT,RMSE,0.0895194560289383
Ours,GraphQA-RAW,CASP 7+8+9+10,CASP 11 stage 1,Global LDDT,ρ,0.8457193010888874
Ours,GraphQA-RAW,CASP 7+8+9+10,CASP 11 stage 1,Global LDDT,ρ per target,0.6438835912703231
Ours,GraphQA-RAW,CASP 7+8+9+10,CASP 11 stage 1,Global LDDT,τ,0.650374242206718
Ours,GraphQA-RAW,CASP 7+8+9+10,CASP 11 stage 1,Global LDDT,τ per target,0.49872763723543134
Ours,GraphQA-RAW,CASP 7+8+9+10,CASP 11 stage 1,Local LDDT,R,0.7901210188379008
Ours,GraphQA-RAW,CASP 7+8+9+10,CASP 11 stage 1,Local LDDT,R per model,0.474990733498265
Ours,GraphQA-RAW,CASP 7+8+9+10,CASP 11 stage 1,Local LDDT,RMSE,0.13105434719831488
Ours,GraphQA-RAW,CASP 7+8+9+10,CASP 11 stage 2,Global GDT_TS,First Rank Loss,0.07068554455616388
Ours,GraphQA-RAW,CASP 7+8+9+10,CASP 11 stage 2,Global GDT_TS,R,0.8204918257310737
Ours,GraphQA-RAW,CASP 7+8+9+10,CASP 11 stage 2,Global GDT_TS,R per target,0.3787574331157572
Ours,GraphQA-RAW,CASP 7+8+9+10,CASP 11 stage 2,Global GDT_TS,RMSE,0.14867696166038513
Ours,GraphQA-RAW,CASP 7+8+9+10,CASP 11 stage 2,Global GDT_TS,ρ,0.8201625384962345
Ours,GraphQA-RAW,CASP 7+8+9+10,CASP 11 stage 2,Global GDT_TS,ρ per target,0.35662706346843437
Ours,GraphQA-RAW,CASP 7+8+9+10,CASP 11 stage 2,Global GDT_TS,τ,0.6180742147565098
Ours,GraphQA-RAW,CASP 7+8+9+10,CASP 11 stage 2,Global GDT_TS,τ per target,0.2511157808399136
Ours,GraphQA-RAW,CASP 7+8+9+10,CASP 11 stage 2,Global LDDT,First Rank Loss,0.05340602150164455
Ours,GraphQA-RAW,CASP 7+8+9+10,CASP 11 stage 2,Global LDDT,R,0.8456299898573731
Ours,GraphQA-RAW,CASP 7+8+9+10,CASP 11 stage 2,Global LDDT,R per target,0.5335713828153663
Ours,GraphQA-RAW,CASP 7+8+9+10,CASP 11 stage 2,Global LDDT,RMSE,0.1029769778251648
Ours,GraphQA-RAW,CASP 7+8+9+10,CASP 11 stage 2,Global LDDT,ρ,0.8508120237284851
Ours,GraphQA-RAW,CASP 7+8+9+10,CASP 11 stage 2,Global LDDT,ρ per target,0.5014998291124856
Ours,GraphQA-RAW,CASP 7+8+9+10,CASP 11 stage 2,Global LDDT,τ,0.6545867691765097
Ours,GraphQA-RAW,CASP 7+8+9+10,CASP 11 stage 2,Global LDDT,τ per target,0.35667697706934937
Ours,GraphQA-RAW,CASP 7+8+9+10,CASP 11 stage 2,Local LDDT,R,0.7873447757003186
Ours,GraphQA-RAW,CASP 7+8+9+10,CASP 11 stage 2,Local LDDT,R per model,0.5287356314212286
Ours,GraphQA-RAW,CASP 7+8+9+10,CASP 11 stage 2,Local LDDT,RMSE,0.14229856957276626
Ours,GraphQA-RAW,CASP 7+8+9+10,CASP 12,Global GDT_TS,First Rank Loss,0.0922549992799759
Ours,GraphQA-RAW,CASP 7+8+9+10,CASP 12,Global GDT_TS,R,0.8156127127418561
Ours,GraphQA-RAW,CASP 7+8+9+10,CASP 12,Global GDT_TS,R per target,0.6729244051608331
Ours,GraphQA-RAW,CASP 7+8+9+10,CASP 12,Global GDT_TS,RMSE,0.14867520332336426
Ours,GraphQA-RAW,CASP 7+8+9+10,CASP 12,Global GDT_TS,ρ,0.8142214094170814
Ours,GraphQA-RAW,CASP 7+8+9+10,CASP 12,Global GDT_TS,ρ per target,0.6062770736625909
Ours,GraphQA-RAW,CASP 7+8+9+10,CASP 12,Global GDT_TS,τ,0.6242692692969728
Ours,GraphQA-RAW,CASP 7+8+9+10,CASP 12,Global GDT_TS,τ per target,0.4482290120433767
Ours,GraphQA-RAW,CASP 7+8+9+10,CASP 12,Global LDDT,First Rank Loss,0.05887500159442425
Ours,GraphQA-RAW,CASP 7+8+9+10,CASP 12,Global LDDT,R,0.8591902034784948
Ours,GraphQA-RAW,CASP 7+8+9+10,CASP 12,Global LDDT,R per target,0.7636991999839765
Ours,GraphQA-RAW,CASP 7+8+9+10,CASP 12,Global LDDT,RMSE,0.09848873317241669
Ours,GraphQA-RAW,CASP 7+8+9+10,CASP 12,Global LDDT,ρ,0.8625926462560186
Ours,GraphQA-RAW,CASP 7+8+9+10,CASP 12,Global LDDT,ρ per target,0.7017621682892539
Ours,GraphQA-RAW,CASP 7+8+9+10,CASP 12,Global LDDT,τ,0.6809101372644574
Ours,GraphQA-RAW,CASP 7+8+9+10,CASP 12,Global LDDT,τ per target,0.5328863564613036
Ours,GraphQA-RAW,CASP 7+8+9+10,CASP 12,Local LDDT,R,0.7963137807039021
Ours,GraphQA-RAW,CASP 7+8+9+10,CASP 12,Local LDDT,R per model,0.5007776197286642
Ours,GraphQA-RAW,CASP 7+8+9+10,CASP 12,Local LDDT,RMSE,0.1394745370164435
Ours,GraphQA-RAW,CASP 7+8+9+10,CASP 12 stage 1,Global GDT_TS,First Rank Loss,0.06830499889329075
Ours,GraphQA-RAW,CASP 7+8+9+10,CASP 12 stage 1,Global GDT_TS,R,0.7212577614645507
Ours,GraphQA-RAW,CASP 7+8+9+10,CASP 12 stage 1,Global GDT_TS,R per target,0.6786777978396578
Ours,GraphQA-RAW,CASP 7+8+9+10,CASP 12 stage 1,Global GDT_TS,RMSE,0.12728305160999298
Ours,GraphQA-RAW,CASP 7+8+9+10,CASP 12 stage 1,Global GDT_TS,ρ,0.622969130565644
Ours,GraphQA-RAW,CASP 7+8+9+10,CASP 12 stage 1,Global GDT_TS,ρ per target,0.5963022916569325
Ours,GraphQA-RAW,CASP 7+8+9+10,CASP 12 stage 1,Global GDT_TS,τ,0.45133486761615876
Ours,GraphQA-RAW,CASP 7+8+9+10,CASP 12 stage 1,Global GDT_TS,τ per target,0.4484129800997076
Ours,GraphQA-RAW,CASP 7+8+9+10,CASP 12 stage 1,Global LDDT,First Rank Loss,0.03669250123202801
Ours,GraphQA-RAW,CASP 7+8+9+10,CASP 12 stage 1,Global LDDT,R,0.8249677298334419
Ours,GraphQA-RAW,CASP 7+8+9+10,CASP 12 stage 1,Global LDDT,R per target,0.7507666878359434
Ours,GraphQA-RAW,CASP 7+8+9+10,CASP 12 stage 1,Global LDDT,RMSE,0.07654561847448349
Ours,GraphQA-RAW,CASP 7+8+9+10,CASP 12 stage 1,Global LDDT,ρ,0.7325283986407752
Ours,GraphQA-RAW,CASP 7+8+9+10,CASP 12 stage 1,Global LDDT,ρ per target,0.6581245324623047
Ours,GraphQA-RAW,CASP 7+8+9+10,CASP 12 stage 1,Global LDDT,τ,0.5506170652278981
Ours,GraphQA-RAW,CASP 7+8+9+10,CASP 12 stage 1,Global LDDT,τ per target,0.5082788711000761
Ours,GraphQA-RAW,CASP 7+8+9+10,CASP 12 stage 1,Local LDDT,R,0.6612369456129524
Ours,GraphQA-RAW,CASP 7+8+9+10,CASP 12 stage 1,Local LDDT,R per model,0.41268431433854436
Ours,GraphQA-RAW,CASP 7+8+9+10,CASP 12 stage 1,Local LDDT,RMSE,0.11796697608740525
Ours,GraphQA-RAW,CASP 7+8+9+10,CASP 12 stage 2,Global GDT_TS,First Rank Loss,0.09425499830394983
Ours,GraphQA-RAW,CASP 7+8+9+10,CASP 12 stage 2,Global GDT_TS,R,0.807458204552736
Ours,GraphQA-RAW,CASP 7+8+9+10,CASP 12 stage 2,Global GDT_TS,R per target,0.6135893767298594
Ours,GraphQA-RAW,CASP 7+8+9+10,CASP 12 stage 2,Global GDT_TS,RMSE,0.15073522925376892
Ours,GraphQA-RAW,CASP 7+8+9+10,CASP 12 stage 2,Global GDT_TS,ρ,0.806893013481786
Ours,GraphQA-RAW,CASP 7+8+9+10,CASP 12 stage 2,Global GDT_TS,ρ per target,0.5446702920362947
Ours,GraphQA-RAW,CASP 7+8+9+10,CASP 12 stage 2,Global GDT_TS,τ,0.6180633190782802
Ours,GraphQA-RAW,CASP 7+8+9+10,CASP 12 stage 2,Global GDT_TS,τ per target,0.39546872671025135
Ours,GraphQA-RAW,CASP 7+8+9+10,CASP 12 stage 2,Global LDDT,First Rank Loss,0.05887500159442425
Ours,GraphQA-RAW,CASP 7+8+9+10,CASP 12 stage 2,Global LDDT,R,0.8493764018930907
Ours,GraphQA-RAW,CASP 7+8+9+10,CASP 12 stage 2,Global LDDT,R per target,0.7102773745325197
Ours,GraphQA-RAW,CASP 7+8+9+10,CASP 12 stage 2,Global LDDT,RMSE,0.09907887876033783
Ours,GraphQA-RAW,CASP 7+8+9+10,CASP 12 stage 2,Global LDDT,ρ,0.8529281073696453
Ours,GraphQA-RAW,CASP 7+8+9+10,CASP 12 stage 2,Global LDDT,ρ per target,0.642960303743404
Ours,GraphQA-RAW,CASP 7+8+9+10,CASP 12 stage 2,Global LDDT,τ,0.6693409198238849
Ours,GraphQA-RAW,CASP 7+8+9+10,CASP 12 stage 2,Global LDDT,τ per target,0.47811551259067003
Ours,GraphQA-RAW,CASP 7+8+9+10,CASP 12 stage 2,Local LDDT,R,0.7927149793575038
Ours,GraphQA-RAW,CASP 7+8+9+10,CASP 12 stage 2,Local LDDT,R per model,0.5074526366611065
Ours,GraphQA-RAW,CASP 7+8+9+10,CASP 12 stage 2,Local LDDT,RMSE,0.14090920243004756
Ours,GraphQA-RAW,CASP 7+8+9+10,CASP 5,Global GDT_TS,First Rank Loss,0.08227999872631497
Ours,GraphQA-RAW,CASP 7+8+9+10,CASP 5,Global GDT_TS,R,0.7627598498212282
Ours,GraphQA-RAW,CASP 7+8+9+10,CASP 5,Global GDT_TS,R per target,0.7199958396188094
Ours,GraphQA-RAW,CASP 7+8+9+10,CASP 5,Global GDT_TS,RMSE,0.1410755217075348
Ours,GraphQA-RAW,CASP 7+8+9+10,CASP 5,Global GDT_TS,ρ,0.80516054825979
Ours,GraphQA-RAW,CASP 7+8+9+10,CASP 5,Global GDT_TS,ρ per target,0.7066680815943535
Ours,GraphQA-RAW,CASP 7+8+9+10,CASP 5,Global GDT_TS,τ,0.6080386778768478
Ours,GraphQA-RAW,CASP 7+8+9+10,CASP 5,Global GDT_TS,τ per target,0.5383731699707095
Ours,GraphQA-RAW,CASP 7+8+9+10,CASP 5,Global LDDT,First Rank Loss,0.15412142972151438
Ours,GraphQA-RAW,CASP 7+8+9+10,CASP 5,Global LDDT,R,0.5845981604981436
Ours,GraphQA-RAW,CASP 7+8+9+10,CASP 5,Global LDDT,R per target,0.5054967148247499
Ours,GraphQA-RAW,CASP 7+8+9+10,CASP 5,Global LDDT,RMSE,0.2081911861896515
Ours,GraphQA-RAW,CASP 7+8+9+10,CASP 5,Global LDDT,ρ,0.5717757344643121
Ours,GraphQA-RAW,CASP 7+8+9+10,CASP 5,Global LDDT,ρ per target,0.566876162594407
Ours,GraphQA-RAW,CASP 7+8+9+10,CASP 5,Global LDDT,τ,0.4268010493281506
Ours,GraphQA-RAW,CASP 7+8+9+10,CASP 5,Global LDDT,τ per target,0.4310466328103549
Ours,GraphQA-RAW,CASP 7+8+9+10,CASP 5,Local LDDT,R,0.48320910548494717
Ours,GraphQA-RAW,CASP 7+8+9+10,CASP 5,Local LDDT,R per model,0.46673965674653684
Ours,GraphQA-RAW,CASP 7+8+9+10,CASP 5,Local LDDT,RMSE,0.2411442903826674
Ours,GraphQA-RAW,CASP 7+8+9+10,CASP 6,Global GDT_TS,First Rank Loss,0.1441864387716277
Ours,GraphQA-RAW,CASP 7+8+9+10,CASP 6,Global GDT_TS,R,0.8359570835943729
Ours,GraphQA-RAW,CASP 7+8+9+10,CASP 6,Global GDT_TS,R per target,0.6713973789342272
Ours,GraphQA-RAW,CASP 7+8+9+10,CASP 6,Global GDT_TS,RMSE,0.12405648082494736
Ours,GraphQA-RAW,CASP 7+8+9+10,CASP 6,Global GDT_TS,ρ,0.8057647091713801
Ours,GraphQA-RAW,CASP 7+8+9+10,CASP 6,Global GDT_TS,ρ per target,0.6505578109619247
Ours,GraphQA-RAW,CASP 7+8+9+10,CASP 6,Global GDT_TS,τ,0.6135853000482944
Ours,GraphQA-RAW,CASP 7+8+9+10,CASP 6,Global GDT_TS,τ per target,0.4857888395326249
Ours,GraphQA-RAW,CASP 7+8+9+10,CASP 6,Global LDDT,First Rank Loss,0.10859879624035398
Ours,GraphQA-RAW,CASP 7+8+9+10,CASP 6,Global LDDT,R,0.7635471735425841
Ours,GraphQA-RAW,CASP 7+8+9+10,CASP 6,Global LDDT,R per target,0.624004303666769
Ours,GraphQA-RAW,CASP 7+8+9+10,CASP 6,Global LDDT,RMSE,0.13619068264961243
Ours,GraphQA-RAW,CASP 7+8+9+10,CASP 6,Global LDDT,ρ,0.7176802805019656
Ours,GraphQA-RAW,CASP 7+8+9+10,CASP 6,Global LDDT,ρ per target,0.6568876625334129
Ours,GraphQA-RAW,CASP 7+8+9+10,CASP 6,Global LDDT,τ,0.5408015112061626
Ours,GraphQA-RAW,CASP 7+8+9+10,CASP 6,Global LDDT,τ per target,0.49313765355614125
Ours,GraphQA-RAW,CASP 7+8+9+10,CASP 6,Local LDDT,R,0.6786173184891348
Ours,GraphQA-RAW,CASP 7+8+9+10,CASP 6,Local LDDT,R per model,0.47290960938378235
Ours,GraphQA-RAW,CASP 7+8+9+10,CASP 6,Local LDDT,RMSE,0.16837558031766212
Ours,GraphQA-RAW,CASP 7+8+9+10,CASP 7,Global GDT_TS,First Rank Loss,0.06348842735353269
Ours,GraphQA-RAW,CASP 7+8+9+10,CASP 7,Global GDT_TS,R,0.9536306650498723
Ours,GraphQA-RAW,CASP 7+8+9+10,CASP 7,Global GDT_TS,R per target,0.7964516317634022
Ours,GraphQA-RAW,CASP 7+8+9+10,CASP 7,Global GDT_TS,RMSE,0.07499139755964279
Ours,GraphQA-RAW,CASP 7+8+9+10,CASP 7,Global GDT_TS,ρ,0.948376951033413
Ours,GraphQA-RAW,CASP 7+8+9+10,CASP 7,Global GDT_TS,ρ per target,0.7098903824926288
Ours,GraphQA-RAW,CASP 7+8+9+10,CASP 7,Global GDT_TS,τ,0.8089133604851998
Ours,GraphQA-RAW,CASP 7+8+9+10,CASP 7,Global GDT_TS,τ per target,0.5429787726009687
Ours,GraphQA-RAW,CASP 7+8+9+10,CASP 7,Global LDDT,First Rank Loss,0.04947694696878132
Ours,GraphQA-RAW,CASP 7+8+9+10,CASP 7,Global LDDT,R,0.8846825704535269
Ours,GraphQA-RAW,CASP 7+8+9+10,CASP 7,Global LDDT,R per target,0.745026087820374
Ours,GraphQA-RAW,CASP 7+8+9+10,CASP 7,Global LDDT,RMSE,0.10170232504606247
Ours,GraphQA-RAW,CASP 7+8+9+10,CASP 7,Global LDDT,ρ,0.8868292390425628
Ours,GraphQA-RAW,CASP 7+8+9+10,CASP 7,Global LDDT,ρ per target,0.7687254569410811
Ours,GraphQA-RAW,CASP 7+8+9+10,CASP 7,Global LDDT,τ,0.7403239965245256
Ours,GraphQA-RAW,CASP 7+8+9+10,CASP 7,Global LDDT,τ per target,0.593143955116449
Ours,GraphQA-RAW,CASP 7+8+9+10,CASP 7,Local LDDT,R,0.8317878118006368
Ours,GraphQA-RAW,CASP 7+8+9+10,CASP 7,Local LDDT,R per model,0.5913739689706728
Ours,GraphQA-RAW,CASP 7+8+9+10,CASP 7,Local LDDT,RMSE,0.13454008129807335
Ours,GraphQA-RAW,CASP 7+8+9+10,CASP 8,Global GDT_TS,First Rank Loss,0.058283604315069855
Ours,GraphQA-RAW,CASP 7+8+9+10,CASP 8,Global GDT_TS,R,0.9663493413773236
Ours,GraphQA-RAW,CASP 7+8+9+10,CASP 8,Global GDT_TS,R per target,0.8733934903797578
Ours,GraphQA-RAW,CASP 7+8+9+10,CASP 8,Global GDT_TS,RMSE,0.06658799201250076
Ours,GraphQA-RAW,CASP 7+8+9+10,CASP 8,Global GDT_TS,ρ,0.9667180192405734
Ours,GraphQA-RAW,CASP 7+8+9+10,CASP 8,Global GDT_TS,ρ per target,0.7479886331644235
Ours,GraphQA-RAW,CASP 7+8+9+10,CASP 8,Global GDT_TS,τ,0.8429563400619674
Ours,GraphQA-RAW,CASP 7+8+9+10,CASP 8,Global GDT_TS,τ per target,0.5796462236161143
Ours,GraphQA-RAW,CASP 7+8+9+10,CASP 8,Global LDDT,First Rank Loss,0.04211557302318635
Ours,GraphQA-RAW,CASP 7+8+9+10,CASP 8,Global LDDT,R,0.9319203537182925
Ours,GraphQA-RAW,CASP 7+8+9+10,CASP 8,Global LDDT,R per target,0.8380708374486299
Ours,GraphQA-RAW,CASP 7+8+9+10,CASP 8,Global LDDT,RMSE,0.0805249735713005
Ours,GraphQA-RAW,CASP 7+8+9+10,CASP 8,Global LDDT,ρ,0.9356172746139411
Ours,GraphQA-RAW,CASP 7+8+9+10,CASP 8,Global LDDT,ρ per target,0.7793139910153594
Ours,GraphQA-RAW,CASP 7+8+9+10,CASP 8,Global LDDT,τ,0.7992806584074239
Ours,GraphQA-RAW,CASP 7+8+9+10,CASP 8,Global LDDT,τ per target,0.6108369911896299
Ours,GraphQA-RAW,CASP 7+8+9+10,CASP 8,Local LDDT,R,0.8658659894580143
Ours,GraphQA-RAW,CASP 7+8+9+10,CASP 8,Local LDDT,R per model,0.6190937255844651
Ours,GraphQA-RAW,CASP 7+8+9+10,CASP 8,Local LDDT,RMSE,0.11946860028405687
Ours,GraphQA-RAW,CASP 7+8+9+10,CASP 9,Global GDT_TS,First Rank Loss,0.0869264977100568
Ours,GraphQA-RAW,CASP 7+8+9+10,CASP 9,Global GDT_TS,R,0.9596237385109178
Ours,GraphQA-RAW,CASP 7+8+9+10,CASP 9,Global GDT_TS,R per target,0.8433402196418163
Ours,GraphQA-RAW,CASP 7+8+9+10,CASP 9,Global GDT_TS,RMSE,0.07035879045724869
Ours,GraphQA-RAW,CASP 7+8+9+10,CASP 9,Global GDT_TS,ρ,0.9580803994016348
Ours,GraphQA-RAW,CASP 7+8+9+10,CASP 9,Global GDT_TS,ρ per target,0.7323353017589207
Ours,GraphQA-RAW,CASP 7+8+9+10,CASP 9,Global GDT_TS,τ,0.8235088794521501
Ours,GraphQA-RAW,CASP 7+8+9+10,CASP 9,Global GDT_TS,τ per target,0.5594576629370376
Ours,GraphQA-RAW,CASP 7+8+9+10,CASP 9,Global LDDT,First Rank Loss,0.054729276615330294
Ours,GraphQA-RAW,CASP 7+8+9+10,CASP 9,Global LDDT,R,0.9401477178884843
Ours,GraphQA-RAW,CASP 7+8+9+10,CASP 9,Global LDDT,R per target,0.8436202353357158
Ours,GraphQA-RAW,CASP 7+8+9+10,CASP 9,Global LDDT,RMSE,0.06748944520950317
Ours,GraphQA-RAW,CASP 7+8+9+10,CASP 9,Global LDDT,ρ,0.9462537716762718
Ours,GraphQA-RAW,CASP 7+8+9+10,CASP 9,Global LDDT,ρ per target,0.7935610793070591
Ours,GraphQA-RAW,CASP 7+8+9+10,CASP 9,Global LDDT,τ,0.8093358220167285
Ours,GraphQA-RAW,CASP 7+8+9+10,CASP 9,Global LDDT,τ per target,0.617242376825482
Ours,GraphQA-RAW,CASP 7+8+9+10,CASP 9,Local LDDT,R,0.8683487910532518
Ours,GraphQA-RAW,CASP 7+8+9+10,CASP 9,Local LDDT,R per model,0.6097638813268248
Ours,GraphQA-RAW,CASP 7+8+9+10,CASP 9,Local LDDT,RMSE,0.11341449284071399
